Movies Name,Year,Genre,Rating,Director,Cast,Vote
The Shawshank Redemption,1994,Drama,9.3,Frank Darabont,"Tim Robbins, Morgan Freeman, Bob Gunton, William Sadler","2,664,802"
The Godfather,1972,"Crime, Drama",9.2,Francis Ford Coppola,"Marlon Brando, Al Pacino, James Caan, Diane Keaton","1,846,711"
The Dark Knight,2008,"Action, Crime, Drama",9.0,Christopher Nolan,"Christian Bale, Heath Ledger, Aaron Eckhart, Michael Caine","2,637,790"
The Lord of the Rings: The Return of the King,2003,"Action, Adventure, Drama",9.0,Peter Jackson,"Elijah Wood, Viggo Mortensen, Ian McKellen, Orlando Bloom","1,837,170"
Schindler's List,1993,"Biography, Drama, History",9.0,Steven Spielberg,"Liam Neeson, Ralph Fiennes, Ben Kingsley, Caroline Goodall","1,349,371"
The Godfather Part II,1974,"Crime, Drama",9.0,Francis Ford Coppola,"Al Pacino, Robert De Niro, Robert Duvall, Diane Keaton","1,264,855"
12 Angry Men,1957,"Crime, Drama",9.0,Sidney Lumet,"Henry Fonda, Lee J. Cobb, Martin Balsam, John Fiedler","786,995"
Jai Bhim,2021,"Crime, Drama, Mystery",8.9,T.J. Gnanavel,"Suriya, Lijo Mol Jose, Manikandan K., Rajisha Vijayan","201,339"
Pulp Fiction,1994,"Crime, Drama",8.9,Quentin Tarantino,"John Travolta, Uma Thurman, Samuel L. Jackson, Bruce Willis","2,039,717"
Inception,2010,"Action, Adventure, Sci-Fi",8.8,Christopher Nolan,"Leonardo DiCaprio, Joseph Gordon-Levitt, Elliot Page, Ken Watanabe","2,337,540"
The Lord of the Rings: The Two Towers,2002,"Action, Adventure, Drama",8.8,Peter Jackson,"Elijah Wood, Ian McKellen, Viggo Mortensen, Orlando Bloom","1,658,898"
Fight Club,1999,Drama,8.8,David Fincher,"Brad Pitt, Edward Norton, Meat Loaf, Zach Grenier","2,110,218"
The Lord of the Rings: The Fellowship of the Ring,2001,"Action, Adventure, Drama",8.8,Peter Jackson,"Elijah Wood, Ian McKellen, Orlando Bloom, Sean Bean","1,866,274"
Forrest Gump,1994,"Drama, Romance",8.8,Robert Zemeckis,"Tom Hanks, Robin Wright, Gary Sinise, Sally Field","2,065,508"
"Il buono, il brutto, il cattivo",1966,"Adventure, Western",8.8,Sergio Leone,"Clint Eastwood, Eli Wallach, Lee Van Cleef, Aldo Giuffrè","759,472"
The Matrix,1999,"Action, Sci-Fi",8.7,Lana Wachowski,"Keanu Reeves, Laurence Fishburne, Carrie-Anne Moss, Hugo Weaving","1,903,978"
Goodfellas,1990,"Biography, Crime, Drama",8.7,Martin Scorsese,"Robert De Niro, Ray Liotta, Joe Pesci, Lorraine Bracco","1,154,987"
The Empire Strikes Back,1980,"Action, Adventure, Fantasy",8.7,Irvin Kershner,"Mark Hamill, Harrison Ford, Carrie Fisher, Billy Dee Williams","1,286,876"
One Flew Over the Cuckoo's Nest,1975,Drama,8.7,Milos Forman,"Jack Nicholson, Louise Fletcher, Michael Berryman, Peter Brocco","1,004,865"
Interstellar,2014,"Adventure, Drama, Sci-Fi",8.6,Christopher Nolan,"Matthew McConaughey, Anne Hathaway, Jessica Chastain, Mackenzie Foy","1,811,632"
Cidade de Deus,2002,"Crime, Drama",8.6,Fernando Meirelles,"Alexandre Rodrigues, Leandro Firmino, Matheus Nachtergaele, Phellipe Haagensen","755,121"
Sen to Chihiro no kamikakushi,2001,"Animation, Adventure, Family",8.6,Hayao Miyazaki,"Daveigh Chase, Suzanne Pleshette, Miyu Irino, Rumi Hiiragi","759,428"
Saving Private Ryan,1998,"Drama, War",8.6,Steven Spielberg,"Tom Hanks, Matt Damon, Tom Sizemore, Edward Burns","1,385,029"
The Green Mile,1999,"Crime, Drama, Fantasy",8.6,Frank Darabont,"Tom Hanks, Michael Clarke Duncan, David Morse, Bonnie Hunt","1,294,952"
La vita è bella,1997,"Comedy, Drama, Romance",8.6,Roberto Benigni,"Roberto Benigni, Nicoletta Braschi, Giorgio Cantarini, Giustino Durano","692,870"
Se7en,1995,"Crime, Drama, Mystery",8.6,David Fincher,"Morgan Freeman, Brad Pitt, Kevin Spacey, Andrew Kevin Walker","1,642,606"
Terminator 2: Judgment Day,1991,"Action, Sci-Fi",8.6,James Cameron,"Arnold Schwarzenegger, Linda Hamilton, Edward Furlong, Robert Patrick","1,094,941"
The Silence of the Lambs,1991,"Crime, Drama, Thriller",8.6,Jonathan Demme,"Jodie Foster, Anthony Hopkins, Lawrence A. Bonney, Kasi Lemmons","1,425,780"
Star Wars,1977,"Action, Adventure, Fantasy",8.6,George Lucas,"Mark Hamill, Harrison Ford, Carrie Fisher, Alec Guinness","1,359,445"
Seppuku,1962,"Action, Drama, Mystery",8.6,Masaki Kobayashi,"Tatsuya Nakadai, Akira Ishihama, Shima Iwashita, Tetsurô Tanba","57,339"
Shichinin no samurai,1954,"Action, Drama",8.6,Akira Kurosawa,"Toshirô Mifune, Takashi Shimura, Keiko Tsushima, Yukiko Shimazaki","345,788"
It's a Wonderful Life,1946,"Drama, Family, Fantasy",8.6,Frank Capra,"James Stewart, Donna Reed, Lionel Barrymore, Thomas Mitchell","454,718"
Gisaengchung,2019,"Drama, Thriller",8.5,Bong Joon Ho,"Song Kang-ho, Lee Sun-kyun, Cho Yeo-jeong, Choi Woo-sik","793,243"
Whiplash,2014,"Drama, Music",8.5,Damien Chazelle,"Miles Teller, J.K. Simmons, Melissa Benoist, Paul Reiser","853,205"
The Intouchables,2011,"Biography, Comedy, Drama",8.5,Olivier Nakache,"François Cluzet, Omar Sy, Anne Le Ny, Audrey Fleurot","854,634"
The Prestige,2006,"Drama, Mystery, Sci-Fi",8.5,Christopher Nolan,"Christian Bale, Hugh Jackman, Scarlett Johansson, Michael Caine","1,327,307"
The Departed,2006,"Crime, Drama, Thriller",8.5,Martin Scorsese,"Leonardo DiCaprio, Matt Damon, Jack Nicholson, Mark Wahlberg","1,319,530"
The Pianist,2002,"Biography, Drama, Music",8.5,Roman Polanski,"Adrien Brody, Thomas Kretschmann, Frank Finlay, Emilia Fox","828,657"
Gladiator,2000,"Action, Adventure, Drama",8.5,Ridley Scott,"Russell Crowe, Joaquin Phoenix, Connie Nielsen, Oliver Reed","1,493,371"
American History X,1998,"Crime, Drama",8.5,Tony Kaye,"Edward Norton, Edward Furlong, Beverly D'Angelo, Jennifer Lien","1,119,179"
The Usual Suspects,1995,"Crime, Drama, Mystery",8.5,Bryan Singer,"Kevin Spacey, Gabriel Byrne, Chazz Palminteri, Stephen Baldwin","1,082,149"
Léon,1994,"Action, Crime, Drama",8.5,Luc Besson,"Jean Reno, Gary Oldman, Natalie Portman, Danny Aiello","1,156,316"
The Lion King,1994,"Animation, Adventure, Drama",8.5,Roger Allers,"Matthew Broderick, Jeremy Irons, James Earl Jones, Whoopi Goldberg","1,053,642"
Nuovo Cinema Paradiso,1988,"Drama, Romance",8.5,Giuseppe Tornatore,"Philippe Noiret, Enzo Cannavale, Antonella Attili, Isa Danieli","261,170"
Hotaru no haka,1988,"Animation, Drama, War",8.5,Isao Takahata,"Tsutomu Tatsumi, Ayano Shiraishi, Akemi Yamaguchi, Yoshiko Shinohara","276,979"
Back to the Future,1985,"Adventure, Comedy, Sci-Fi",8.5,Robert Zemeckis,"Michael J. Fox, Christopher Lloyd, Lea Thompson, Crispin Glover","1,198,771"
Apocalypse Now,1979,"Drama, Mystery, War",8.5,Francis Ford Coppola,"Martin Sheen, Marlon Brando, Robert Duvall, Frederic Forrest","666,080"
Alien,1979,"Horror, Sci-Fi",8.5,Ridley Scott,"Sigourney Weaver, Tom Skerritt, John Hurt, Veronica Cartwright","879,669"
Once Upon a Time in the West,1968,Western,8.5,Sergio Leone,"Henry Fonda, Charles Bronson, Claudia Cardinale, Jason Robards","329,373"
Psycho,1960,"Horror, Mystery, Thriller",8.5,Alfred Hitchcock,"Anthony Perkins, Janet Leigh, Vera Miles, John Gavin","670,605"
Rear Window,1954,"Mystery, Thriller",8.5,Alfred Hitchcock,"James Stewart, Grace Kelly, Wendell Corey, Thelma Ritter","491,287"
Casablanca,1942,"Drama, Romance, War",8.5,Michael Curtiz,"Humphrey Bogart, Ingrid Bergman, Paul Henreid, Claude Rains","570,827"
Modern Times,1936,"Comedy, Drama, Romance",8.5,Charles Chaplin,"Charles Chaplin, Paulette Goddard, Henry Bergman, Tiny Sandford","242,706"
City Lights,1931,"Comedy, Drama, Romance",8.5,Charles Chaplin,"Charles Chaplin, Virginia Cherrill, Florence Lee, Harry Myers","185,107"
Hamilton,2020,"Biography, Drama, History",8.4,Thomas Kail,"Lin-Manuel Miranda, Phillipa Soo, Leslie Odom Jr., Renée Elise Goldsberry","94,401"
Capharnaüm,2018,Drama,8.4,Nadine Labaki,"Zain Al Rafeea, Yordanos Shiferaw, Boluwatife Treasure Bankole, Kawsar Al Haddad","89,838"
Joker,I 2019,"Crime, Drama, Thriller",8.4,Todd Phillips,"Joaquin Phoenix, Robert De Niro, Zazie Beetz, Frances Conroy","1,269,103"
Kimi no Na wa.,2016,"Animation, Drama, Fantasy",8.4,Makoto Shinkai,"Ryûnosuke Kamiki, Mone Kamishiraishi, Ryô Narita, Aoi Yûki","267,363"
Spider-Man: Into the Spider-Verse,2018,"Animation, Action, Adventure",8.4,Bob Persichetti,"Shameik Moore, Jake Johnson, Hailee Steinfeld, Mahershala Ali","524,209"
Avengers: Endgame,2019,"Action, Adventure, Drama",8.4,Anthony Russo,"Robert Downey Jr., Chris Evans, Mark Ruffalo, Chris Hemsworth","1,120,066"
Avengers: Infinity War,2018,"Action, Adventure, Sci-Fi",8.4,Anthony Russo,"Robert Downey Jr., Chris Hemsworth, Mark Ruffalo, Chris Evans","1,072,207"
Coco,I 2017,"Animation, Adventure, Comedy",8.4,Lee Unkrich,"Anthony Gonzalez, Gael García Bernal, Benjamin Bratt, Alanna Ubach","504,584"
Django Unchained,2012,"Drama, Western",8.4,Quentin Tarantino,"Jamie Foxx, Christoph Waltz, Leonardo DiCaprio, Kerry Washington","1,544,154"
Top Gun: Maverick,2022,"Action, Drama",8.4,Joseph Kosinski,"Tom Cruise, Jennifer Connelly, Miles Teller, Val Kilmer","434,052"
The Dark Knight Rises,2012,"Action, Drama",8.4,Christopher Nolan,"Christian Bale, Tom Hardy, Anne Hathaway, Gary Oldman","1,697,645"
3 Idiots,2009,"Comedy, Drama",8.4,Rajkumar Hirani,"Aamir Khan, Madhavan, Mona Singh, Sharman Joshi","400,023"
Taare Zameen Par,2007,"Drama, Family",8.4,Aamir Khan,"Darsheel Safary, Aamir Khan, Tisca Chopra, Vipin Sharma","193,885"
WALL·E,2008,"Animation, Adventure, Family",8.4,Andrew Stanton,"Ben Burtt, Elissa Knight, Jeff Garlin, Fred Willard","1,111,876"
The Lives of Others,2006,"Drama, Mystery, Thriller",8.4,Florian Henckel von Donnersmarck,"Ulrich Mühe, Martina Gedeck, Sebastian Koch, Ulrich Tukur","389,762"
Oldeuboi,2003,"Action, Drama, Mystery",8.4,Park Chan-wook,"Choi Min-sik, Yoo Ji-tae, Kang Hye-jeong, Kim Byeong-Ok","578,131"
Memento,2000,"Mystery, Thriller",8.4,Christopher Nolan,"Guy Pearce, Carrie-Anne Moss, Joe Pantoliano, Mark Boone Junior","1,234,031"
American Beauty,1999,Drama,8.4,Sam Mendes,"Kevin Spacey, Annette Bening, Thora Birch, Wes Bentley","1,152,430"
Mononoke-hime,1997,"Animation, Action, Adventure",8.4,Hayao Miyazaki,"Yôji Matsuda, Yuriko Ishida, Yûko Tanaka, Billy Crudup","394,155"
Braveheart,1995,"Biography, Drama, History",8.4,Mel Gibson,"Mel Gibson, Sophie Marceau, Patrick McGoohan, Angus Macfadyen","1,035,685"
Idi i smotri,1985,"Drama, Thriller, War",8.4,Elem Klimov,"Aleksey Kravchenko, Olga Mironova, Liubomiras Laucevicius, Vladas Bagdonas","80,208"
Aliens,1986,"Action, Adventure, Sci-Fi",8.4,James Cameron,"Sigourney Weaver, Michael Biehn, Carrie Henn, Paul Reiser","716,317"
Amadeus,1984,"Biography, Drama, Music",8.4,Milos Forman,"F. Murray Abraham, Tom Hulce, Elizabeth Berridge, Roy Dotrice","401,211"
Raiders of the Lost Ark,1981,"Action, Adventure",8.4,Steven Spielberg,"Harrison Ford, Karen Allen, Paul Freeman, John Rhys-Davies","962,962"
Das Boot,1981,"Drama, War",8.4,Wolfgang Petersen,"Jürgen Prochnow, Herbert Grönemeyer, Klaus Wennemann, Hubertus Bengsch","251,516"
The Shining,1980,"Drama, Horror",8.4,Stanley Kubrick,"Jack Nicholson, Shelley Duvall, Danny Lloyd, Scatman Crothers","1,018,318"
Tengoku to jigoku,1963,"Crime, Drama, Mystery",8.4,Akira Kurosawa,"Toshirô Mifune, Yutaka Sada, Tatsuya Nakadai, Kyôko Kagawa","45,353"
Dr. Strangelove or: How I Learned to Stop Worrying and Love the Bomb,1964,"Comedy, War",8.4,Stanley Kubrick,"Peter Sellers, George C. Scott, Sterling Hayden, Keenan Wynn","490,906"
Witness for the Prosecution,1957,"Crime, Drama, Mystery",8.4,Billy Wilder,"Tyrone Power, Marlene Dietrich, Charles Laughton, Elsa Lanchester","125,940"
Paths of Glory,1957,"Drama, War",8.4,Stanley Kubrick,"Kirk Douglas, Ralph Meeker, Adolphe Menjou, George Macready","197,843"
Sunset Blvd.,1950,"Drama, Film-Noir",8.4,Billy Wilder,"William Holden, Gloria Swanson, Erich von Stroheim, Nancy Olson","222,354"
The Great Dictator,1940,"Comedy, Drama, War",8.4,Charles Chaplin,"Charles Chaplin, Paulette Goddard, Jack Oakie, Reginald Gardiner","224,323"
Dangal,2016,"Action, Biography, Drama",8.3,Nitesh Tiwari,"Aamir Khan, Sakshi Tanwar, Fatima Sana Shaikh, Sanya Malhotra","191,463"
Jagten,2012,Drama,8.3,Thomas Vinterberg,"Mads Mikkelsen, Thomas Bo Larsen, Annika Wedderkopp, Lasse Fogelstrøm","330,022"
Jodaeiye Nader az Simin,2011,Drama,8.3,Asghar Farhadi,"Payman Maadi, Leila Hatami, Sareh Bayat, Shahab Hosseini","245,547"
Incendies,2010,"Drama, Mystery",8.3,Denis Villeneuve,"Lubna Azabal, Mélissa Désormeaux-Poulin, Maxim Gaudette, Mustafa Kamel","178,096"
Spider-Man: No Way Home,2021,"Action, Adventure, Fantasy",8.3,Jon Watts,"Tom Holland, Zendaya, Benedict Cumberbatch, Jacob Batalon","745,978"
Up,2009,"Animation, Adventure, Comedy",8.3,Pete Docter,"Edward Asner, Jordan Nagai, John Ratzenberger, Christopher Plummer","1,040,452"
Toy Story 3,2010,"Animation, Adventure, Comedy",8.3,Lee Unkrich,"Tom Hanks, Tim Allen, Joan Cusack, Ned Beatty","834,147"
Inglourious Basterds,2009,"Adventure, Drama, War",8.3,Quentin Tarantino,"Brad Pitt, Diane Kruger, Eli Roth, Mélanie Laurent","1,440,539"
Eternal Sunshine of the Spotless Mind,2004,"Drama, Romance, Sci-Fi",8.3,Michel Gondry,"Jim Carrey, Kate Winslet, Tom Wilkinson, Gerry Robert Byrne","1,004,555"
Le fabuleux destin d'Amélie Poulain,2001,"Comedy, Romance",8.3,Jean-Pierre Jeunet,"Audrey Tautou, Mathieu Kassovitz, Rufus, Lorella Cravotta","755,937"
Requiem for a Dream,2000,Drama,8.3,Darren Aronofsky,"Ellen Burstyn, Jared Leto, Jennifer Connelly, Marlon Wayans","840,014"
Good Will Hunting,1997,"Drama, Romance",8.3,Gus Van Sant,"Robin Williams, Matt Damon, Ben Affleck, Stellan Skarsgård","963,730"
Toy Story,1995,"Animation, Adventure, Comedy",8.3,John Lasseter,"Tom Hanks, Tim Allen, Don Rickles, Jim Varney","990,457"
Heat,1995,"Action, Crime, Drama",8.3,Michael Mann,"Al Pacino, Robert De Niro, Val Kilmer, Jon Voight","653,441"
Reservoir Dogs,1992,"Crime, Thriller",8.3,Quentin Tarantino,"Harvey Keitel, Tim Roth, Michael Madsen, Chris Penn","1,014,629"
Full Metal Jacket,1987,"Drama, War",8.3,Stanley Kubrick,"Matthew Modine, R. Lee Ermey, Vincent D'Onofrio, Adam Baldwin","741,488"
Once Upon a Time in America,1984,"Crime, Drama",8.3,Sergio Leone,"Robert De Niro, James Woods, Elizabeth McGovern, Treat Williams","352,126"
Scarface,1983,"Crime, Drama",8.3,Brian De Palma,"Al Pacino, Michelle Pfeiffer, Steven Bauer, Mary Elizabeth Mastrantonio","838,137"
Star Wars: Episode VI - Return of the Jedi,1983,"Action, Adventure, Fantasy",8.3,Richard Marquand,"Mark Hamill, Harrison Ford, Carrie Fisher, Billy Dee Williams","1,050,404"
The Sting,1973,"Comedy, Crime, Drama",8.3,George Roy Hill,"Paul Newman, Robert Redford, Robert Shaw, Charles Durning","262,732"
A Clockwork Orange,1971,"Crime, Sci-Fi",8.3,Stanley Kubrick,"Malcolm McDowell, Patrick Magee, Michael Bates, Warren Clarke","828,371"
2001: A Space Odyssey,1968,"Adventure, Sci-Fi",8.3,Stanley Kubrick,"Keir Dullea, Gary Lockwood, William Sylvester, Daniel Richter","667,613"
To Kill a Mockingbird,1962,"Crime, Drama",8.3,Robert Mulligan,"Gregory Peck, John Megna, Frank Overton, Rosemary Murphy","317,125"
Lawrence of Arabia,1962,"Adventure, Biography, Drama",8.3,David Lean,"Peter O'Toole, Alec Guinness, Anthony Quinn, Jack Hawkins","294,235"
Judgment at Nuremberg,1961,"Drama, War",8.3,Stanley Kramer,"Spencer Tracy, Burt Lancaster, Richard Widmark, Marlene Dietrich","78,153"
The Apartment,1960,"Comedy, Drama, Romance",8.3,Billy Wilder,"Jack Lemmon, Shirley MacLaine, Fred MacMurray, Ray Walston","182,103"
North by Northwest,1959,"Action, Adventure, Mystery",8.3,Alfred Hitchcock,"Cary Grant, Eva Marie Saint, James Mason, Jessie Royce Landis","328,412"
Vertigo,1958,"Mystery, Romance, Thriller",8.3,Alfred Hitchcock,"James Stewart, Kim Novak, Barbara Bel Geddes, Tom Helmore","402,467"
Pather Panchali,1955,Drama,8.3,Satyajit Ray,"Kanu Bannerjee, Karuna Bannerjee, Subir Banerjee, Chunibala Devi","33,387"
Singin' in the Rain,1952,"Comedy, Musical, Romance",8.3,Stanley Donen,"Gene Kelly, Donald O'Connor, Debbie Reynolds, Jean Hagen","242,844"
Ikiru,1952,Drama,8.3,Akira Kurosawa,"Takashi Shimura, Nobuo Kaneko, Shin'ichi Himori, Haruo Tanaka","79,011"
Ladri di biciclette,1948,Drama,8.3,Vittorio De Sica,"Lamberto Maggiorani, Enzo Staiola, Lianella Carell, Elena Altieri","164,100"
Double Indemnity,1944,"Crime, Drama, Film-Noir",8.3,Billy Wilder,"Fred MacMurray, Barbara Stanwyck, Edward G. Robinson, Byron Barr","157,947"
Citizen Kane,1941,"Drama, Mystery",8.3,Orson Welles,"Orson Welles, Joseph Cotten, Dorothy Comingore, Agnes Moorehead","442,234"
M - Eine Stadt sucht einen Mörder,1931,"Crime, Mystery, Thriller",8.3,Fritz Lang,"Peter Lorre, Ellen Widmann, Inge Landgut, Otto Wernicke","158,563"
Metropolis,1927,"Drama, Sci-Fi",8.3,Fritz Lang,"Brigitte Helm, Alfred Abel, Gustav Fröhlich, Rudolf Klein-Rogge","174,928"
The Kid,1921,"Comedy, Drama, Family",8.3,Charles Chaplin,"Charles Chaplin, Edna Purviance, Jackie Coogan, Carl Miller","126,942"
1917,2019,"Action, Drama, War",8.2,Sam Mendes,"Dean-Charles Chapman, George MacKay, Daniel Mays, Colin Firth","584,586"
Green Book,2018,"Biography, Comedy, Drama",8.2,Peter Farrelly,"Viggo Mortensen, Mahershala Ali, Linda Cardellini, Sebastian Maniscalco","488,741"
Inside Out,I 2015,"Animation, Adventure, Comedy",8.2,Pete Docter,"Amy Poehler, Bill Hader, Lewis Black, Mindy Kaling","711,185"
El secreto de sus ojos,2009,"Drama, Mystery, Romance",8.2,Juan José Campanella,"Ricardo Darín, Soledad Villamil, Pablo Rago, Carla Quevedo","210,282"
Warrior,2011,"Action, Drama, Sport",8.2,Gavin O'Connor,"Tom Hardy, Nick Nolte, Joel Edgerton, Jennifer Morrison","472,702"
Shutter Island,2010,"Mystery, Thriller",8.2,Martin Scorsese,"Leonardo DiCaprio, Emily Mortimer, Mark Ruffalo, Ben Kingsley","1,305,986"
The Father,I 2020,"Drama, Mystery",8.2,Florian Zeller,"Anthony Hopkins, Olivia Colman, Mark Gatiss, Olivia Williams","152,545"
The Wolf of Wall Street,2013,"Biography, Comedy, Crime",8.2,Martin Scorsese,"Leonardo DiCaprio, Jonah Hill, Margot Robbie, Matthew McConaughey","1,398,501"
No Country for Old Men,2007,"Crime, Drama, Thriller",8.2,Ethan Coen,"Tommy Lee Jones, Javier Bardem, Josh Brolin, Woody Harrelson","969,221"
Babam ve Oglum,2005,"Drama, Family",8.2,Çagan Irmak,"Çetin Tekindor, Fikret Kuskan, Hümeyra, Ege Tanman","87,132"
There Will Be Blood,2007,Drama,8.2,Paul Thomas Anderson,"Daniel Day-Lewis, Paul Dano, Ciarán Hinds, Martin Stringer","585,945"
Pan's Labyrinth,2006,"Drama, Fantasy, War",8.2,Guillermo del Toro,"Ivana Baquero, Ariadna Gil, Sergi López, Maribel Verdú","668,712"
V for Vendetta,2005,"Action, Drama, Sci-Fi",8.2,James McTeigue,"Hugo Weaving, Natalie Portman, Rupert Graves, Stephen Rea","1,120,082"
Batman Begins,2005,"Action, Crime, Drama",8.2,Christopher Nolan,"Christian Bale, Michael Caine, Ken Watanabe, Liam Neeson","1,464,986"
Der Untergang,2004,"Biography, Drama, History",8.2,Oliver Hirschbiegel,"Bruno Ganz, Alexandra Maria Lara, Ulrich Matthes, Juliane Köhler","356,304"
Hauru no ugoku shiro,2004,"Animation, Adventure, Family",8.2,Hayao Miyazaki,"Chieko Baishô, Takuya Kimura, Tatsuya Gashûin, Akihiro Miwa","394,639"
A Beautiful Mind,2001,"Biography, Drama",8.2,Ron Howard,"Russell Crowe, Ed Harris, Jennifer Connelly, Christopher Plummer","930,714"
Kill Bill: Vol. 1,2003,"Action, Crime, Drama",8.2,Quentin Tarantino,"Uma Thurman, David Carradine, Daryl Hannah, Michael Madsen","1,111,772"
Finding Nemo,2003,"Animation, Adventure, Comedy",8.2,Andrew Stanton,"Albert Brooks, Ellen DeGeneres, Alexander Gould, Willem Dafoe","1,040,801"
Snatch,2000,"Comedy, Crime",8.2,Guy Ritchie,"Jason Statham, Brad Pitt, Stephen Graham, Vinnie Jones","854,512"
The Sixth Sense,1999,"Drama, Mystery, Thriller",8.2,M. Night Shyamalan,"Bruce Willis, Haley Joel Osment, Toni Collette, Olivia Williams","990,188"
"Lock, Stock and Two Smoking Barrels",1998,"Action, Comedy, Crime",8.2,Guy Ritchie,"Jason Flemyng, Dexter Fletcher, Nick Moran, Jason Statham","582,133"
The Truman Show,1998,"Comedy, Drama",8.2,Peter Weir,"Jim Carrey, Ed Harris, Laura Linney, Noah Emmerich","1,075,604"
L.A. Confidential,1997,"Crime, Drama, Mystery",8.2,Curtis Hanson,"Kevin Spacey, Russell Crowe, Guy Pearce, Kim Basinger","583,031"
Bacheha-Ye aseman,1997,"Drama, Family, Sport",8.2,Majid Majidi,"Mohammad Amir Naji, Amir Farrokh Hashemian, Bahare Seddiqi, Nafise Jafar-Mohammadi","75,262"
Casino,1995,"Crime, Drama",8.2,Martin Scorsese,"Robert De Niro, Sharon Stone, Joe Pesci, James Woods","519,600"
Jurassic Park,1993,"Action, Adventure, Sci-Fi",8.2,Steven Spielberg,"Sam Neill, Laura Dern, Jeff Goldblum, Richard Attenborough","985,342"
Unforgiven,1992,"Drama, Western",8.2,Clint Eastwood,"Clint Eastwood, Gene Hackman, Morgan Freeman, Richard Harris","412,415"
Indiana Jones and the Last Crusade,1989,"Action, Adventure",8.2,Steven Spielberg,"Harrison Ford, Sean Connery, Alison Doody, Denholm Elliott","753,221"
Die Hard,1988,"Action, Thriller",8.2,John McTiernan,"Bruce Willis, Alan Rickman, Bonnie Bedelia, Reginald VelJohnson","874,101"
Ran,1985,"Action, Drama, War",8.2,Akira Kurosawa,"Tatsuya Nakadai, Akira Terao, Jinpachi Nezu, Daisuke Ryû","126,206"
The Thing,1982,"Horror, Mystery, Sci-Fi",8.2,John Carpenter,"Kurt Russell, Wilford Brimley, Keith David, Richard Masur","425,386"
Raging Bull,1980,"Biography, Drama, Sport",8.2,Martin Scorsese,"Robert De Niro, Cathy Moriarty, Joe Pesci, Frank Vincent","354,496"
The Elephant Man,1980,"Biography, Drama",8.2,David Lynch,"Anthony Hopkins, John Hurt, Anne Bancroft, John Gielgud","241,864"
Taxi Driver,1976,"Crime, Drama",8.2,Martin Scorsese,"Robert De Niro, Jodie Foster, Cybill Shepherd, Albert Brooks","828,853"
Monty Python and the Holy Grail,1975,"Adventure, Comedy, Fantasy",8.2,Terry Gilliam,"Graham Chapman, John Cleese, Eric Idle, Terry Gilliam","541,613"
Dersu Uzala,1975,"Adventure, Biography, Drama",8.2,Akira Kurosawa,"Maksim Munzuk, Yuriy Solomin, Mikhail Bychkov, Vladimir Khrulyov","30,127"
Chinatown,1974,"Drama, Mystery, Thriller",8.2,Roman Polanski,"Jack Nicholson, Faye Dunaway, John Huston, Perry Lopez","327,181"
Per qualche dollaro in più,1965,Western,8.2,Sergio Leone,"Clint Eastwood, Lee Van Cleef, Gian Maria Volontè, Mara Krupp","257,268"
The Great Escape,1963,"Adventure, Drama, History",8.2,John Sturges,"Steve McQueen, James Garner, Richard Attenborough, Charles Bronson","245,132"
Yôjinbô,1961,"Action, Drama, Thriller",8.2,Akira Kurosawa,"Toshirô Mifune, Eijirô Tôno, Tatsuya Nakadai, Yôko Tsukasa","123,494"
Some Like It Hot,1959,"Comedy, Music, Romance",8.2,Billy Wilder,"Marilyn Monroe, Tony Curtis, Jack Lemmon, George Raft","267,795"
The Bridge on the River Kwai,1957,"Adventure, Drama, War",8.2,David Lean,"William Holden, Alec Guinness, Jack Hawkins, Sessue Hayakawa","221,435"
Dial M for Murder,1954,"Crime, Thriller",8.2,Alfred Hitchcock,"Ray Milland, Grace Kelly, Robert Cummings, John Williams","176,644"
Tôkyô monogatari,1953,Drama,8.2,Yasujirô Ozu,"Chishû Ryû, Chieko Higashiyama, Sô Yamamura, Setsuko Hara","62,194"
Le salaire de la peur,1953,"Adventure, Drama, Thriller",8.2,Henri-Georges Clouzot,"Yves Montand, Charles Vanel, Peter van Eyck, Folco Lulli","61,711"
Rashômon,1950,"Crime, Drama, Mystery",8.2,Akira Kurosawa,"Toshirô Mifune, Machiko Kyô, Masayuki Mori, Takashi Shimura","169,196"
All About Eve,1950,Drama,8.2,Joseph L. Mankiewicz,"Bette Davis, Anne Baxter, George Sanders, Celeste Holm","131,920"
The Treasure of the Sierra Madre,1948,"Adventure, Drama, Western",8.2,John Huston,"Humphrey Bogart, Walter Huston, Tim Holt, Bruce Bennett","125,543"
To Be or Not to Be,1942,"Comedy, Romance, War",8.2,Ernst Lubitsch,"Carole Lombard, Jack Benny, Robert Stack, Felix Bressart","37,859"
Gone with the Wind,1939,"Drama, Romance, War",8.2,Victor Fleming,"Clark Gable, Vivien Leigh, Thomas Mitchell, Barbara O'Neil","316,045"
La passion de Jeanne d'Arc,1928,"Biography, Drama, History",8.2,Carl Theodor Dreyer,"Maria Falconetti, Eugene Silvain, André Berley, Maurice Schutz","55,343"
The General,1926,"Action, Adventure, Comedy",8.2,Clyde Bruckman,"Buster Keaton, Marion Mack, Glen Cavender, Jim Farley","91,998"
The Gold Rush,1925,"Adventure, Comedy, Drama",8.2,Charles Chaplin,"Charles Chaplin, Mack Swain, Tom Murray, Henry Bergman","111,918"
Sherlock Jr.,1924,"Action, Comedy, Romance",8.2,Buster Keaton,"Buster Keaton, Kathryn McGuire, Joe Keaton, Erwin Connelly","50,519"
Everything Everywhere All at Once,2022,"Action, Adventure, Comedy",8.1,Dan Kwan,"Michelle Yeoh, Stephanie Hsu, Jamie Lee Curtis, Ke Huy Quan","241,209"
"Three Billboards Outside Ebbing, Missouri",2017,"Comedy, Crime, Drama",8.1,Martin McDonagh,"Frances McDormand, Woody Harrelson, Sam Rockwell, Caleb Landry Jones","505,713"
Klaus,2019,"Animation, Adventure, Comedy",8.1,Sergio Pablos,"Jason Schwartzman, J.K. Simmons, Rashida Jones, Will Sasso","149,570"
Ah-ga-ssi,2016,"Drama, Romance, Thriller",8.1,Park Chan-wook,"Kim Min-hee, Ha Jung-woo, Cho Jin-woong, Moon So-ri","147,668"
Logan,2017,"Action, Drama, Sci-Fi",8.1,James Mangold,"Hugh Jackman, Patrick Stewart, Dafne Keen, Boyd Holbrook","760,409"
Room,I 2015,"Drama, Thriller",8.1,Lenny Abrahamson,"Brie Larson, Jacob Tremblay, Sean Bridgers, Wendy Crewson","420,665"
Relatos salvajes,2014,"Comedy, Drama, Thriller",8.1,Damián Szifron,"Darío Grandinetti, María Marull, Mónica Villa, Diego Starosta","198,916"
The Grand Budapest Hotel,2014,"Adventure, Comedy, Crime",8.1,Wes Anderson,"Ralph Fiennes, F. Murray Abraham, Mathieu Amalric, Adrien Brody","806,123"
Gone Girl,2014,"Drama, Mystery, Thriller",8.1,David Fincher,"Ben Affleck, Rosamund Pike, Neil Patrick Harris, Tyler Perry","978,782"
Hacksaw Ridge,2016,"Biography, Drama, History",8.1,Mel Gibson,"Andrew Garfield, Sam Worthington, Luke Bracey, Teresa Palmer","523,905"
12 Years a Slave,2013,"Biography, Drama, History",8.1,Steve McQueen,"Chiwetel Ejiofor, Michael Kenneth Williams, Michael Fassbender, Brad Pitt","700,187"
Rush,I 2013,"Action, Biography, Drama",8.1,Ron Howard,"Daniel Brühl, Chris Hemsworth, Olivia Wilde, Alexandra Maria Lara","480,007"
Ford v Ferrari,2019,"Action, Biography, Drama",8.1,James Mangold,"Matt Damon, Christian Bale, Jon Bernthal, Caitríona Balfe","391,487"
Spotlight,I 2015,"Biography, Crime, Drama",8.1,Tom McCarthy,"Mark Ruffalo, Michael Keaton, Rachel McAdams, Liev Schreiber","469,762"
The Help,2011,Drama,8.1,Tate Taylor,"Viola Davis, Emma Stone, Octavia Spencer, Bryce Dallas Howard","459,544"
Prisoners,2013,"Crime, Drama, Mystery",8.1,Denis Villeneuve,"Hugh Jackman, Jake Gyllenhaal, Viola Davis, Melissa Leo","708,365"
Mad Max: Fury Road,2015,"Action, Adventure, Sci-Fi",8.1,George Miller,"Tom Hardy, Charlize Theron, Nicholas Hoult, Zoë Kravitz","998,574"
Gran Torino,2008,Drama,8.1,Clint Eastwood,"Clint Eastwood, Bee Vang, Christopher Carley, Ahney Her","775,179"
Harry Potter and the Deathly Hallows - Part 2,2011,"Adventure, Family, Fantasy",8.1,David Yates,"Daniel Radcliffe, Emma Watson, Rupert Grint, Michael Gambon","872,042"
Hachi: A Dog's Tale,2009,"Biography, Drama, Family",8.1,Lasse Hallström,"Richard Gere, Joan Allen, Cary-Hiroyuki Tagawa, Sarah Roemer","285,454"
Mary and Max.,2009,"Animation, Comedy, Drama",8.1,Adam Elliot,"Toni Collette, Philip Seymour Hoffman, Eric Bana, Barry Humphries","177,794"
How to Train Your Dragon,2010,"Animation, Action, Adventure",8.1,Dean DeBlois,"Jay Baruchel, Gerard Butler, Christopher Mintz-Plasse, Craig Ferguson","738,718"
Into the Wild,2007,"Adventure, Biography, Drama",8.1,Sean Penn,"Emile Hirsch, Vince Vaughn, Catherine Keener, Marcia Gay Harden","623,169"
Million Dollar Baby,2004,"Drama, Sport",8.1,Clint Eastwood,"Hilary Swank, Clint Eastwood, Morgan Freeman, Jay Baruchel","687,071"
Hotel Rwanda,2004,"Biography, Drama, History",8.1,Terry George,"Don Cheadle, Sophie Okonedo, Joaquin Phoenix, Xolani Mali","356,252"
Ratatouille,2007,"Animation, Adventure, Comedy",8.1,Brad Bird,"Brad Garrett, Lou Romano, Patton Oswalt, Ian Holm","733,930"
Before Sunset,2004,"Drama, Romance",8.1,Richard Linklater,"Ethan Hawke, Julie Delpy, Vernon Dobtcheff, Louise Lemoine Torrès","264,656"
Salinui chueok,2003,"Crime, Drama, Mystery",8.1,Bong Joon Ho,"Song Kang-ho, Kim Sang-kyung, Roe-ha Kim, Jae-ho Song","184,405"
Pirates of the Caribbean: The Curse of the Black Pearl,2003,"Action, Adventure, Fantasy",8.1,Gore Verbinski,"Johnny Depp, Geoffrey Rush, Orlando Bloom, Keira Knightley","1,124,035"
Catch Me If You Can,2002,"Biography, Crime, Drama",8.1,Steven Spielberg,"Leonardo DiCaprio, Tom Hanks, Christopher Walken, Martin Sheen","976,904"
Amores perros,2000,"Drama, Thriller",8.1,Alejandro G. Iñárritu,"Emilio Echevarría, Gael García Bernal, Goya Toledo, Álvaro Guerrero","241,138"
"Monsters, Inc.",2001,"Animation, Adventure, Comedy",8.1,Pete Docter,"Billy Crystal, John Goodman, Mary Gibbs, Steve Buscemi","906,569"
The Iron Giant,1999,"Animation, Action, Adventure",8.1,Brad Bird,"Eli Marienthal, Harry Connick Jr., Jennifer Aniston, Vin Diesel","198,569"
The Big Lebowski,1998,"Comedy, Crime",8.1,Joel Coen,"Jeff Bridges, John Goodman, Julianne Moore, Steve Buscemi","807,235"
Trainspotting,1996,Drama,8.1,Danny Boyle,"Ewan McGregor, Ewen Bremner, Jonny Lee Miller, Kevin McKidd","686,698"
Fargo,1996,"Crime, Thriller",8.1,Joel Coen,"William H. Macy, Frances McDormand, Steve Buscemi, Peter Stormare","677,428"
La haine,1995,"Crime, Drama",8.1,Mathieu Kassovitz,"Vincent Cassel, Hubert Koundé, Saïd Taghmaoui, Abdel Ahmed Ghili","174,371"
Before Sunrise,1995,"Drama, Romance",8.1,Richard Linklater,"Ethan Hawke, Julie Delpy, Andrea Eckert, Hanno Pöschl","308,428"
In the Name of the Father,1993,"Biography, Crime, Drama",8.1,Jim Sheridan,"Daniel Day-Lewis, Pete Postlethwaite, Alison Crosbie, Philip King","175,797"
Groundhog Day,1993,"Comedy, Drama, Fantasy",8.1,Harold Ramis,"Bill Murray, Andie MacDowell, Chris Elliott, Stephen Tobolowsky","630,687"
Dead Poets Society,1989,"Comedy, Drama",8.1,Peter Weir,"Robin Williams, Robert Sean Leonard, Ethan Hawke, Josh Charles","490,037"
Tonari no Totoro,1988,"Animation, Comedy, Family",8.1,Hayao Miyazaki,"Hitoshi Takagi, Noriko Hidaka, Chika Sakamoto, Shigesato Itoi","339,108"
Stand by Me,1986,"Adventure, Drama",8.1,Rob Reiner,"Wil Wheaton, River Phoenix, Corey Feldman, Jerry O'Connell","404,027"
Platoon,1986,"Drama, War",8.1,Oliver Stone,"Charlie Sheen, Tom Berenger, Willem Dafoe, Keith David","414,780"
The Terminator,1984,"Action, Sci-Fi",8.1,James Cameron,"Arnold Schwarzenegger, Linda Hamilton, Michael Biehn, Paul Winfield","863,179"
Gandhi,1982,"Biography, Drama",8.1,Richard Attenborough,"Ben Kingsley, John Gielgud, Rohini Hattangadi, Roshan Seth","232,286"
Blade Runner,1982,"Action, Drama, Sci-Fi",8.1,Ridley Scott,"Harrison Ford, Rutger Hauer, Sean Young, Edward James Olmos","768,035"
The Deer Hunter,1978,"Drama, War",8.1,Michael Cimino,"Robert De Niro, Christopher Walken, John Cazale, John Savage","339,906"
Rocky,1976,"Drama, Sport",8.1,John G. Avildsen,"Sylvester Stallone, Talia Shire, Burt Young, Carl Weathers","575,244"
Network,1976,Drama,8.1,Sidney Lumet,"Faye Dunaway, William Holden, Peter Finch, Robert Duvall","160,315"
Jaws,1975,"Adventure, Thriller",8.1,Steven Spielberg,"Roy Scheider, Robert Shaw, Richard Dreyfuss, Lorraine Gary","605,731"
Barry Lyndon,1975,"Adventure, Drama, War",8.1,Stanley Kubrick,"Ryan O'Neal, Marisa Berenson, Patrick Magee, Hardy Krüger","168,653"
The Exorcist,1973,Horror,8.1,William Friedkin,"Ellen Burstyn, Max von Sydow, Linda Blair, Lee J. Cobb","408,540"
Cool Hand Luke,1967,"Crime, Drama",8.1,Stuart Rosenberg,"Paul Newman, George Kennedy, Strother Martin, J.D. Cannon","178,027"
Persona,1966,"Drama, Thriller",8.1,Ingmar Bergman,"Bibi Andersson, Liv Ullmann, Margaretha Krook, Gunnar Björnstrand","119,366"
The Sound of Music,1965,"Biography, Drama, Family",8.1,Robert Wise,"Julie Andrews, Christopher Plummer, Eleanor Parker, Richard Haydn","234,947"
La battaglia di Algeri,1966,"Drama, War",8.1,Gillo Pontecorvo,"Brahim Hadjadj, Jean Martin, Yacef Saadi, Samia Kerbash","60,667"
Les quatre cents coups,1959,"Crime, Drama",8.1,François Truffaut,"Jean-Pierre Léaud, Albert Rémy, Claire Maurier, Guy Decomble","118,641"
Ben-Hur,1959,"Adventure, Drama",8.1,William Wyler,"Charlton Heston, Jack Hawkins, Stephen Boyd, Haya Harareet","239,887"
Smultronstället,1957,"Drama, Romance",8.1,Ingmar Bergman,"Victor Sjöström, Bibi Andersson, Ingrid Thulin, Gunnar Björnstrand","107,929"
Det sjunde inseglet,1957,"Drama, Fantasy",8.1,Ingmar Bergman,"Max von Sydow, Gunnar Björnstrand, Bengt Ekerot, Nils Poppe","185,846"
On the Waterfront,1954,"Crime, Drama, Thriller",8.1,Elia Kazan,"Marlon Brando, Karl Malden, Lee J. Cobb, Rod Steiger","155,815"
The Third Man,1949,"Film-Noir, Mystery, Thriller",8.1,Carol Reed,"Orson Welles, Joseph Cotten, Alida Valli, Trevor Howard","172,350"
The Best Years of Our Lives,1946,"Drama, Romance, War",8.1,William Wyler,"Myrna Loy, Dana Andrews, Fredric March, Teresa Wright","65,107"
Rebecca,1940,"Drama, Film-Noir, Mystery",8.1,Alfred Hitchcock,"Laurence Olivier, Joan Fontaine, George Sanders, Judith Anderson","137,912"
The Grapes of Wrath,1940,Drama,8.1,John Ford,"Henry Fonda, Jane Darwell, John Carradine, Charley Grapewin","93,829"
The Wizard of Oz,1939,"Adventure, Family, Fantasy",8.1,Victor Fleming,"Judy Garland, Frank Morgan, Ray Bolger, Bert Lahr","400,091"
Mr. Smith Goes to Washington,1939,"Comedy, Drama",8.1,Frank Capra,"James Stewart, Jean Arthur, Claude Rains, Edward Arnold","116,232"
It Happened One Night,1934,"Comedy, Romance",8.1,Frank Capra,"Clark Gable, Claudette Colbert, Walter Connolly, Roscoe Karns","104,625"
The Incredibles,2004,"Animation, Action, Adventure",8.0,Brad Bird,"Craig T. Nelson, Samuel L. Jackson, Holly Hunter, Jason Lee","735,542"
Aladdin,1992,"Animation, Adventure, Comedy",8.0,Ron Clements,"Scott Weinger, Robin Williams, Linda Larkin, Jonathan Freeman","419,726"
Life of Brian,1979,Comedy,8.0,Terry Jones,"Graham Chapman, John Cleese, Michael Palin, Terry Gilliam","400,250"
